[
    {
        "name": "ezyang/htmlpurifier",
        "version": "v4.10.0",
        "version_normalized": "4.10.0.0",
        "source": {
            "type": "git",
            "url": "https://github.com/ezyang/htmlpurifier.git",
            "reference": "d85d39da4576a6934b72480be6978fb10c860021"
        },
        "dist": {
            "type": "zip",
            "url": "https://api.github.com/repos/ezyang/htmlpurifier/zipball/d85d39da4576a6934b72480be6978fb10c860021",
            "reference": "d85d39da4576a6934b72480be6978fb10c860021",
            "shasum": ""
        },
        "require": {
            "php": ">=5.2"
        },
        "require-dev": {
            "simpletest/simpletest": "^1.1"
        },
        "time": "2018-02-23 01:58:20",
        "type": "library",
        "installation-source": "dist",
        "autoload": {
            "psr-0": {
                "HTMLPurifier": "library/"
            },
            "files": [
                "library/HTMLPurifier.composer.php"
            ]
        },
        "notification-url": "https://packagist.org/downloads/",
        "license": [
            "LGPL"
        ],
        "authors": [
            {
                "name": "Edward Z. Yang",
                "email": "admin@htmlpurifier.org",
                "homepage": "http://ezyang.com"
            }
        ],
        "description": "Standards compliant HTML filter written in PHP",
        "homepage": "http://htmlpurifier.org/",
        "keywords": [
            "html"
        ]
    },
    {
        "name": "symfony/polyfill-mbstring",
        "version": "v1.7.0",
        "version_normalized": "1.7.0.0",
        "source": {
            "type": "git",
            "url": "https://github.com/symfony/polyfill-mbstring.git",
            "reference": "78be803ce01e55d3491c1397cf1c64beb9c1b63b"
        },
        "dist": {
            "type": "zip",
            "url": "https://api.github.com/repos/symfony/polyfill-mbstring/zipball/78be803ce01e55d3491c1397cf1c64beb9c1b63b",
            "reference": "78be803ce01e55d3491c1397cf1c64beb9c1b63b",
            "shasum": ""
        },
        "require": {
            "php": ">=5.3.3"
        },
        "suggest": {
            "ext-mbstring": "For best performance"
        },
        "time": "2018-01-30 19:27:44",
        "type": "library",
        "extra": {
            "branch-alias": {
                "dev-master": "1.7-dev"
            }
        },
        "installation-source": "dist",
        "autoload": {
            "psr-4": {
                "Symfony\\Polyfill\\Mbstring\\": ""
            },
            "files": [
                "bootstrap.php"
            ]
        },
        "notification-url": "https://packagist.org/downloads/",
        "license": [
            "MIT"
        ],
        "authors": [
            {
                "name": "Nicolas Grekas",
                "email": "p@tchwork.com"
            },
            {
                "name": "Symfony Community",
                "homepage": "https://symfony.com/contributors"
            }
        ],
        "description": "Symfony polyfill for the Mbstring extension",
        "homepage": "https://symfony.com",
        "keywords": [
            "compatibility",
            "mbstring",
            "polyfill",
            "portable",
            "shim"
        ]
    },
    {
        "name": "symfony/translation",
        "version": "v3.4.8",
        "version_normalized": "3.4.8.0",
        "source": {
            "type": "git",
            "url": "https://github.com/symfony/translation.git",
            "reference": "80e19eaf12cbb546ac40384e5c55c36306823e57"
        },
        "dist": {
            "type": "zip",
            "url": "https://api.github.com/repos/symfony/translation/zipball/80e19eaf12cbb546ac40384e5c55c36306823e57",
            "reference": "80e19eaf12cbb546ac40384e5c55c36306823e57",
            "shasum": ""
        },
        "require": {
            "php": "^5.5.9|>=7.0.8",
            "symfony/polyfill-mbstring": "~1.0"
        },
        "conflict": {
            "symfony/config": "<2.8",
            "symfony/dependency-injection": "<3.4",
            "symfony/yaml": "<3.4"
        },
        "require-dev": {
            "psr/log": "~1.0",
            "symfony/config": "~2.8|~3.0|~4.0",
            "symfony/dependency-injection": "~3.4|~4.0",
            "symfony/finder": "~2.8|~3.0|~4.0",
            "symfony/intl": "^2.8.18|^3.2.5|~4.0",
            "symfony/yaml": "~3.4|~4.0"
        },
        "suggest": {
            "psr/log": "To use logging capability in translator",
            "symfony/config": "",
            "symfony/yaml": ""
        },
        "time": "2018-02-22 06:28:18",
        "type": "library",
        "extra": {
            "branch-alias": {
                "dev-master": "3.4-dev"
            }
        },
        "installation-source": "dist",
        "autoload": {
            "psr-4": {
                "Symfony\\Component\\Translation\\": ""
            },
            "exclude-from-classmap": [
                "/Tests/"
            ]
        },
        "notification-url": "https://packagist.org/downloads/",
        "license": [
            "MIT"
        ],
        "authors": [
            {
                "name": "Fabien Potencier",
                "email": "fabien@symfony.com"
            },
            {
                "name": "Symfony Community",
                "homepage": "https://symfony.com/contributors"
            }
        ],
        "description": "Symfony Translation Component",
        "homepage": "https://symfony.com"
    },
    {
        "name": "nesbot/carbon",
        "version": "1.25.0",
        "version_normalized": "1.25.0.0",
        "source": {
            "type": "git",
            "url": "https://github.com/briannesbitt/Carbon.git",
            "reference": "cbcf13da0b531767e39eb86e9687f5deba9857b4"
        },
        "dist": {
            "type": "zip",
            "url": "https://api.github.com/repos/briannesbitt/Carbon/zipball/cbcf13da0b531767e39eb86e9687f5deba9857b4",
            "reference": "cbcf13da0b531767e39eb86e9687f5deba9857b4",
            "shasum": ""
        },
        "require": {
            "php": ">=5.3.9",
            "symfony/translation": "~2.6 || ~3.0 || ~4.0"
        },
        "require-dev": {
            "friendsofphp/php-cs-fixer": "~2",
            "phpunit/phpunit": "^4.8.35 || ^5.7"
        },
        "time": "2018-03-19 15:50:49",
        "type": "library",
        "extra": {
            "branch-alias": {
                "dev-master": "1.23-dev"
            }
        },
        "installation-source": "dist",
        "autoload": {
            "psr-4": {
                "Carbon\\": "src/Carbon/"
            }
        },
        "notification-url": "https://packagist.org/downloads/",
        "license": [
            "MIT"
        ],
        "authors": [
            {
                "name": "Brian Nesbitt",
                "email": "brian@nesbot.com",
                "homepage": "http://nesbot.com"
            }
        ],
        "description": "A simple API extension for DateTime.",
        "homepage": "http://carbon.nesbot.com",
        "keywords": [
            "date",
            "datetime",
            "time"
        ]
    },
    {
        "name": "psr/simple-cache",
        "version": "1.0.1",
        "version_normalized": "1.0.1.0",
        "source": {
            "type": "git",
            "url": "https://github.com/php-fig/simple-cache.git",
            "reference": "408d5eafb83c57f6365a3ca330ff23aa4a5fa39b"
        },
        "dist": {
            "type": "zip",
            "url": "https://api.github.com/repos/php-fig/simple-cache/zipball/408d5eafb83c57f6365a3ca330ff23aa4a5fa39b",
            "reference": "408d5eafb83c57f6365a3ca330ff23aa4a5fa39b",
            "shasum": ""
        },
        "require": {
            "php": ">=5.3.0"
        },
        "time": "2017-10-23 01:57:42",
        "type": "library",
        "extra": {
            "branch-alias": {
                "dev-master": "1.0.x-dev"
            }
        },
        "installation-source": "dist",
        "autoload": {
            "psr-4": {
                "Psr\\SimpleCache\\": "src/"
            }
        },
        "notification-url": "https://packagist.org/downloads/",
        "license": [
            "MIT"
        ],
        "authors": [
            {
                "name": "PHP-FIG",
                "homepage": "http://www.php-fig.org/"
            }
        ],
        "description": "Common interfaces for simple caching",
        "keywords": [
            "cache",
            "caching",
            "psr",
            "psr-16",
            "simple-cache"
        ]
    },
    {
        "name": "psr/container",
        "version": "1.0.0",
        "version_normalized": "1.0.0.0",
        "source": {
            "type": "git",
            "url": "https://github.com/php-fig/container.git",
            "reference": "b7ce3b176482dbbc1245ebf52b181af44c2cf55f"
        },
        "dist": {
            "type": "zip",
            "url": "https://api.github.com/repos/php-fig/container/zipball/b7ce3b176482dbbc1245ebf52b181af44c2cf55f",
            "reference": "b7ce3b176482dbbc1245ebf52b181af44c2cf55f",
            "shasum": ""
        },
        "require": {
            "php": ">=5.3.0"
        },
        "time": "2017-02-14 16:28:37",
        "type": "library",
        "extra": {
            "branch-alias": {
                "dev-master": "1.0.x-dev"
            }
        },
        "installation-source": "dist",
        "autoload": {
            "psr-4": {
                "Psr\\Container\\": "src/"
            }
        },
        "notification-url": "https://packagist.org/downloads/",
        "license": [
            "MIT"
        ],
        "authors": [
            {
                "name": "PHP-FIG",
                "homepage": "http://www.php-fig.org/"
            }
        ],
        "description": "Common Container Interface (PHP FIG PSR-11)",
        "homepage": "https://github.com/php-fig/container",
        "keywords": [
            "PSR-11",
            "container",
            "container-interface",
            "container-interop",
            "psr"
        ]
    },
    {
        "name": "illuminate/contracts",
        "version": "v5.5.40",
        "version_normalized": "5.5.40.0",
        "source": {
            "type": "git",
            "url": "https://github.com/illuminate/contracts.git",
            "reference": "04fbae936ed14e673dddd18a39662f49e7d199f5"
        },
        "dist": {
            "type": "zip",
            "url": "https://api.github.com/repos/illuminate/contracts/zipball/04fbae936ed14e673dddd18a39662f49e7d199f5",
            "reference": "04fbae936ed14e673dddd18a39662f49e7d199f5",
            "shasum": ""
        },
        "require": {
            "php": ">=7.0",
            "psr/container": "~1.0",
            "psr/simple-cache": "~1.0"
        },
        "time": "2018-03-20 15:34:35",
        "type": "library",
        "extra": {
            "branch-alias": {
                "dev-master": "5.5-dev"
            }
        },
        "installation-source": "dist",
        "autoload": {
            "psr-4": {
                "Illuminate\\Contracts\\": ""
            }
        },
        "notification-url": "https://packagist.org/downloads/",
        "license": [
            "MIT"
        ],
        "authors": [
            {
                "name": "Taylor Otwell",
                "email": "taylor@laravel.com"
            }
        ],
        "description": "The Illuminate Contracts package.",
        "homepage": "https://laravel.com"
    },
    {
        "name": "doctrine/inflector",
        "version": "v1.3.0",
        "version_normalized": "1.3.0.0",
        "source": {
            "type": "git",
            "url": "https://github.com/doctrine/inflector.git",
            "reference": "5527a48b7313d15261292c149e55e26eae771b0a"
        },
        "dist": {
            "type": "zip",
            "url": "https://api.github.com/repos/doctrine/inflector/zipball/5527a48b7313d15261292c149e55e26eae771b0a",
            "reference": "5527a48b7313d15261292c149e55e26eae771b0a",
            "shasum": ""
        },
        "require": {
            "php": "^7.1"
        },
        "require-dev": {
            "phpunit/phpunit": "^6.2"
        },
        "time": "2018-01-09 20:05:19",
        "type": "library",
        "extra": {
            "branch-alias": {
                "dev-master": "1.3.x-dev"
            }
        },
        "installation-source": "dist",
        "autoload": {
            "psr-4": {
                "Doctrine\\Common\\Inflector\\": "lib/Doctrine/Common/Inflector"
            }
        },
        "notification-url": "https://packagist.org/downloads/",
        "license": [
            "MIT"
        ],
        "authors": [
            {
                "name": "Roman Borschel",
                "email": "roman@code-factory.org"
            },
            {
                "name": "Benjamin Eberlei",
                "email": "kontakt@beberlei.de"
            },
            {
                "name": "Guilherme Blanco",
                "email": "guilhermeblanco@gmail.com"
            },
            {
                "name": "Jonathan Wage",
                "email": "jonwage@gmail.com"
            },
            {
                "name": "Johannes Schmitt",
                "email": "schmittjoh@gmail.com"
            }
        ],
        "description": "Common String Manipulations with regard to casing and singular/plural rules.",
        "homepage": "http://www.doctrine-project.org",
        "keywords": [
            "inflection",
            "pluralize",
            "singularize",
            "string"
        ]
    },
    {
        "name": "illuminate/support",
        "version": "v5.5.40",
        "version_normalized": "5.5.40.0",
        "source": {
            "type": "git",
            "url": "https://github.com/illuminate/support.git",
            "reference": "5d2ccb17e526ad537bffc16abc1d516457ae5587"
        },
        "dist": {
            "type": "zip",
            "url": "https://api.github.com/repos/illuminate/support/zipball/5d2ccb17e526ad537bffc16abc1d516457ae5587",
            "reference": "5d2ccb17e526ad537bffc16abc1d516457ae5587",
            "shasum": ""
        },
        "require": {
            "doctrine/inflector": "~1.1",
            "ext-mbstring": "*",
            "illuminate/contracts": "5.5.*",
            "nesbot/carbon": "^1.24.1",
            "php": ">=7.0"
        },
        "replace": {
            "tightenco/collect": "<5.5.33"
        },
        "suggest": {
            "illuminate/filesystem": "Required to use the composer class (5.5.*).",
            "symfony/process": "Required to use the composer class (~3.3).",
            "symfony/var-dumper": "Required to use the dd function (~3.3)."
        },
        "time": "2018-03-10 15:44:32",
        "type": "library",
        "extra": {
            "branch-alias": {
                "dev-master": "5.5-dev"
            }
        },
        "installation-source": "dist",
        "autoload": {
            "psr-4": {
                "Illuminate\\Support\\": ""
            },
            "files": [
                "helpers.php"
            ]
        },
        "notification-url": "https://packagist.org/downloads/",
        "license": [
            "MIT"
        ],
        "authors": [
            {
                "name": "Taylor Otwell",
                "email": "taylor@laravel.com"
            }
        ],
        "description": "The Illuminate Support package.",
        "homepage": "https://laravel.com"
    },
    {
        "name": "illuminate/container",
        "version": "v5.5.40",
        "version_normalized": "5.5.40.0",
        "source": {
            "type": "git",
            "url": "https://github.com/illuminate/container.git",
            "reference": "25821159f2bb12dc9e5720a4b13ea3372ffa8216"
        },
        "dist": {
            "type": "zip",
            "url": "https://api.github.com/repos/illuminate/container/zipball/25821159f2bb12dc9e5720a4b13ea3372ffa8216",
            "reference": "25821159f2bb12dc9e5720a4b13ea3372ffa8216",
            "shasum": ""
        },
        "require": {
            "illuminate/contracts": "5.5.*",
            "php": ">=7.0",
            "psr/container": "~1.0"
        },
        "time": "2018-01-19 17:58:33",
        "type": "library",
        "extra": {
            "branch-alias": {
                "dev-master": "5.5-dev"
            }
        },
        "installation-source": "dist",
        "autoload": {
            "psr-4": {
                "Illuminate\\Container\\": ""
            }
        },
        "notification-url": "https://packagist.org/downloads/",
        "license": [
            "MIT"
        ],
        "authors": [
            {
                "name": "Taylor Otwell",
                "email": "taylor@laravel.com"
            }
        ],
        "description": "The Illuminate Container package.",
        "homepage": "https://laravel.com"
    },
    {
        "name": "illuminate/database",
        "version": "v5.5.40",
        "version_normalized": "5.5.40.0",
        "source": {
            "type": "git",
            "url": "https://github.com/illuminate/database.git",
            "reference": "be5fff68fcc6393c984c5164fc26ef7973c869e9"
        },
        "dist": {
            "type": "zip",
            "url": "https://api.github.com/repos/illuminate/database/zipball/be5fff68fcc6393c984c5164fc26ef7973c869e9",
            "reference": "be5fff68fcc6393c984c5164fc26ef7973c869e9",
            "shasum": ""
        },
        "require": {
            "illuminate/container": "5.5.*",
            "illuminate/contracts": "5.5.*",
            "illuminate/support": "5.5.*",
            "php": ">=7.0"
        },
        "suggest": {
            "doctrine/dbal": "Required to rename columns and drop SQLite columns (~2.5).",
            "fzaninotto/faker": "Required to use the eloquent factory builder (~1.4).",
            "illuminate/console": "Required to use the database commands (5.5.*).",
            "illuminate/events": "Required to use the observers with Eloquent (5.5.*).",
            "illuminate/filesystem": "Required to use the migrations (5.5.*).",
            "illuminate/pagination": "Required to paginate the result set (5.5.*)."
        },
        "time": "2018-03-15 12:39:57",
        "type": "library",
        "extra": {
            "branch-alias": {
                "dev-master": "5.5-dev"
            }
        },
        "installation-source": "dist",
        "autoload": {
            "psr-4": {
                "Illuminate\\Database\\": ""
            }
        },
        "notification-url": "https://packagist.org/downloads/",
        "license": [
            "MIT"
        ],
        "authors": [
            {
                "name": "Taylor Otwell",
                "email": "taylor@laravel.com"
            }
        ],
        "description": "The Illuminate Database package.",
        "homepage": "https://laravel.com",
        "keywords": [
            "database",
            "laravel",
            "orm",
            "sql"
        ]
    },
    {
        "name": "symfony/var-dumper",
        "version": "v3.4.8",
        "version_normalized": "3.4.8.0",
        "source": {
            "type": "git",
            "url": "https://github.com/symfony/var-dumper.git",
            "reference": "951643091b39a6fd40fce56cd16e21e12bef3feb"
        },
        "dist": {
            "type": "zip",
            "url": "https://api.github.com/repos/symfony/var-dumper/zipball/951643091b39a6fd40fce56cd16e21e12bef3feb",
            "reference": "951643091b39a6fd40fce56cd16e21e12bef3feb",
            "shasum": ""
        },
        "require": {
            "php": "^5.5.9|>=7.0.8",
            "symfony/polyfill-mbstring": "~1.0"
        },
        "conflict": {
            "phpunit/phpunit": "<4.8.35|<5.4.3,>=5.0"
        },
        "require-dev": {
            "ext-iconv": "*",
            "twig/twig": "~1.34|~2.4"
        },
        "suggest": {
            "ext-iconv": "To convert non-UTF-8 strings to UTF-8 (or symfony/polyfill-iconv in case ext-iconv cannot be used).",
            "ext-intl": "To show region name in time zone dump",
            "ext-symfony_debug": ""
        },
        "time": "2018-04-03 20:34:11",
        "type": "library",
        "extra": {
            "branch-alias": {
                "dev-master": "3.4-dev"
            }
        },
        "installation-source": "dist",
        "autoload": {
            "files": [
                "Resources/functions/dump.php"
            ],
            "psr-4": {
                "Symfony\\Component\\VarDumper\\": ""
            },
            "exclude-from-classmap": [
                "/Tests/"
            ]
        },
        "notification-url": "https://packagist.org/downloads/",
        "license": [
            "MIT"
        ],
        "authors": [
            {
                "name": "Nicolas Grekas",
                "email": "p@tchwork.com"
            },
            {
                "name": "Symfony Community",
                "homepage": "https://symfony.com/contributors"
            }
        ],
        "description": "Symfony mechanism for exploring and dumping PHP variables",
        "homepage": "https://symfony.com",
        "keywords": [
            "debug",
            "dump"
        ]
    }
]
